lista_num,lista_nome,candidato_sindaco_num,candidato_sindaco_nome,candidato_num,candidato_nome,cifra_individuale,preferenze
1,MOLFETTA LIBERA,1,DRAGO PASQUALE,10,GAGLIARDI DOMENICO,1359,270
1,MOLFETTA LIBERA,1,DRAGO PASQUALE,22,RANA SILVIA,1335,246
1,MOLFETTA LIBERA,1,DRAGO PASQUALE,7,FALEO FRANCESCA,1330,241
1,MOLFETTA LIBERA,1,DRAGO PASQUALE,18,SALLUSTIO COSIMO ROBERTO,1195,106
1,MOLFETTA LIBERA,1,DRAGO PASQUALE,15,MONGELLI ELISABETTA (detta BETTA),1194,105
1,MOLFETTA LIBERA,1,DRAGO PASQUALE,8,FRANCESE GIOVANNI (detto GIANNI) -indipendente,1179,90
1,MOLFETTA LIBERA,1,DRAGO PASQUALE,3,CAPUTI DOMENICO,1142,53
1,MOLFETTA LIBERA,1,DRAGO PASQUALE,12,MESSINA DOMENICO,1137,48
1,MOLFETTA LIBERA,1,DRAGO PASQUALE,21,PATIMO DOMENICO,1134,45
1,MOLFETTA LIBERA,1,DRAGO PASQUALE,13,MESSINA ANNACHIARA,1133,44
1,MOLFETTA LIBERA,1,DRAGO PASQUALE,17,LISENA VINCENZO,1129,40
1,MOLFETTA LIBERA,1,DRAGO PASQUALE,20,MANCINI LIVIO NICOLO' MAURIZIO,1124,35
1,MOLFETTA LIBERA,1,DRAGO PASQUALE,19,TATULLI GIULIA,1117,28
1,MOLFETTA LIBERA,1,DRAGO PASQUALE,9,GADALETA PAOLO,1108,19
1,MOLFETTA LIBERA,1,DRAGO PASQUALE,16,MULINELLI GIOVANNI,1105,16
1,MOLFETTA LIBERA,1,DRAGO PASQUALE,2,CAMPOREALE GIANFRANCO,1104,15
1,MOLFETTA LIBERA,1,DRAGO PASQUALE,5,DE LAURENTIS VINCENZO,1104,15
1,MOLFETTA LIBERA,1,DRAGO PASQUALE,11,GIAMPIETRO OTTAVIO (detto OTTAVIO),1104,15
1,MOLFETTA LIBERA,1,DRAGO PASQUALE,4,CASAMASSIMA LUCIANO NICOLA,1102,13
1,MOLFETTA LIBERA,1,DRAGO PASQUALE,6,de PALMA LETIZIA,1097,8
1,MOLFETTA LIBERA,1,DRAGO PASQUALE,1,BUSETTA CARLETTA,1096,7
1,MOLFETTA LIBERA,1,DRAGO PASQUALE,14,MINERVINI FELICITA (detta LICIA),1094,5
1,MOLFETTA LIBERA,1,DRAGO PASQUALE,23,SPADAVECCHIA LUCIA,1090,1
2,MOVIMENTO CINQUE STELLE,1,DRAGO PASQUALE,1,LA FORGIA DARIO,1133,399
2,MOVIMENTO CINQUE STELLE,1,DRAGO PASQUALE,14,LOIACONO INNOCENTE (detta TINA),841,107
2,MOVIMENTO CINQUE STELLE,1,DRAGO PASQUALE,11,FAVUZZI DAMIANO,772,38
2,MOVIMENTO CINQUE STELLE,1,DRAGO PASQUALE,10,del VESCOVO NICOLO',764,30
2,MOVIMENTO CINQUE STELLE,1,DRAGO PASQUALE,6,de BARI CORRADO,756,22
2,MOVIMENTO CINQUE STELLE,1,DRAGO PASQUALE,13,LANZA ANA CARMELA,754,20
2,MOVIMENTO CINQUE STELLE,1,DRAGO PASQUALE,5,CAPPELLUTI ANNA,753,19
2,MOVIMENTO CINQUE STELLE,1,DRAGO PASQUALE,9,de GENNARO AGNESE,749,15
2,MOVIMENTO CINQUE STELLE,1,DRAGO PASQUALE,18,PETRUZZELLA PANTALEO,749,15
2,MOVIMENTO CINQUE STELLE,1,DRAGO PASQUALE,23,TROILO FRANCESCA,749,15
2,MOVIMENTO CINQUE STELLE,1,DRAGO PASQUALE,2,ANTONELLI IVANA,746,12
2,MOVIMENTO CINQUE STELLE,1,DRAGO PASQUALE,3,ARENA ANNA,745,11
2,MOVIMENTO CINQUE STELLE,1,DRAGO PASQUALE,8,de CESARE COSIMO,745,11
2,MOVIMENTO CINQUE STELLE,1,DRAGO PASQUALE,4,BOCCASSINI SEBASTIANO,742,8
2,MOVIMENTO CINQUE STELLE,1,DRAGO PASQUALE,15,MARZULLI GIUSEPPE ANTONIO,739,5
2,MOVIMENTO CINQUE STELLE,1,DRAGO PASQUALE,20,SILVESTRI LEONARDO,739,5
2,MOVIMENTO CINQUE STELLE,1,DRAGO PASQUALE,7,de CANDIA ORAZIO,738,4
2,MOVIMENTO CINQUE STELLE,1,DRAGO PASQUALE,12,GAUDIO MARINELLA,737,3
2,MOVIMENTO CINQUE STELLE,1,DRAGO PASQUALE,16,MEMA GIULIO,736,2
2,MOVIMENTO CINQUE STELLE,1,DRAGO PASQUALE,22,SPAGNOLETTA SABINO ROBERTO,736,2
2,MOVIMENTO CINQUE STELLE,1,DRAGO PASQUALE,17,PETRONELLI MARIA,735,1
2,MOVIMENTO CINQUE STELLE,1,DRAGO PASQUALE,21,SPADAVECCHIA SERGIO,735,1
2,MOVIMENTO CINQUE STELLE,1,DRAGO PASQUALE,24,VISAGGIO MARIA,735,1
2,MOVIMENTO CINQUE STELLE,1,DRAGO PASQUALE,19,SCIANCALEPORE GIUSEPPE,734,0
3,DRAGO SINDACO,1,DRAGO PASQUALE,16,RUTIGLIANO SERGIO ROBERTO,1395,246
3,DRAGO SINDACO,1,DRAGO PASQUALE,12,GAGLIARDII ANNAMARIA FABRIZIA,1299,150
3,DRAGO SINDACO,1,DRAGO PASQUALE,17,SALLUSTIO DANILO,1293,144
3,DRAGO SINDACO,1,DRAGO PASQUALE,15,MUROLO ANGELO,1282,133
3,DRAGO SINDACO,1,DRAGO PASQUALE,11,DRAGO PASQUALE,1262,113
3,DRAGO SINDACO,1,DRAGO PASQUALE,3,ALTOMARE SILVIA,1247,98
3,DRAGO SINDACO,1,DRAGO PASQUALE,14,LUCIVERO GIACOMO (detto Mino),1238,89
3,DRAGO SINDACO,1,DRAGO PASQUALE,2,ALTAMURA LEONARDO,1223,74
3,DRAGO SINDACO,1,DRAGO PASQUALE,1,ALTAMURA CONCETTA,1194,45
3,DRAGO SINDACO,1,DRAGO PASQUALE,8,del ROSSO OLIMPIA,1192,43
3,DRAGO SINDACO,1,DRAGO PASQUALE,6,CUSANNO GIANLUCA,1187,38
3,DRAGO SINDACO,1,DRAGO PASQUALE,10,DI TERLIZZI CARMELA AURELIA,1186,37
3,DRAGO SINDACO,1,DRAGO PASQUALE,18,SQUEO LEONARDO,1177,28
3,DRAGO SINDACO,1,DRAGO PASQUALE,13,GERMINARIO GENNARO,1171,22
3,DRAGO SINDACO,1,DRAGO PASQUALE,4,ANDRIANI SAVERIO,1167,18
3,DRAGO SINDACO,1,DRAGO PASQUALE,5,BINETTI MICHELE (detto Nino),1167,18
3,DRAGO SINDACO,1,DRAGO PASQUALE,19,TANGARI VALERIA MARIA ANTONIETTA,1158,9
3,DRAGO SINDACO,1,DRAGO PASQUALE,7,de FELICE GIACOMO,1154,5
3,DRAGO SINDACO,1,DRAGO PASQUALE,9,DE MAGIS ELISABETTA,1151,2
3,DRAGO SINDACO,1,DRAGO PASQUALE,21,MODUGNO PAOLO,1150,1
3,DRAGO SINDACO,1,DRAGO PASQUALE,23,SCHIRALDI CARMELA,1150,1
3,DRAGO SINDACO,1,DRAGO PASQUALE,20,ROMA GIUSEPPE,1149,0
3,DRAGO SINDACO,1,DRAGO PASQUALE,22,ARPONE DORA,1149,0
3,DRAGO SINDACO,1,DRAGO PASQUALE,24,SEMERARO IMMACOLATA,1149,0
4,PD,1,DRAGO PASQUALE,4,AZZOLLINI GABRIELLA,2040,372
4,PD,1,DRAGO PASQUALE,9,d'AMATO ALBERTO (detto DAMATO),1981,313
4,PD,1,DRAGO PASQUALE,13,FARINOLA VITO,1896,228
4,PD,1,DRAGO PASQUALE,11,de NICOLO GIUSEPPINA DANILA (detta DANILA),1860,192
4,PD,1,DRAGO PASQUALE,1,AIROLDI GIOVANNI (detto AYROLDI detto NINO),1858,190
4,PD,1,DRAGO PASQUALE,24,VISTA GIOVANNA,1848,180
4,PD,1,DRAGO PASQUALE,7,COPPOLECCHIA MARIA,1788,120
4,PD,1,DRAGO PASQUALE,23,SPADAVECCHIA TERESA ESTER CRISTIANA (detta ESTER),1773,105
4,PD,1,DRAGO PASQUALE,17,LOSITO ONOFRIO,1763,95
4,PD,1,DRAGO PASQUALE,16,LOSITO MICHELE (detto MIRCO),1734,66
4,PD,1,DRAGO PASQUALE,6,CAPURSO PIETRO,1733,65
4,PD,1,DRAGO PASQUALE,20,PORCELLUZZI RUGGERO,1726,58
4,PD,1,DRAGO PASQUALE,19,MINERVINI MARIA,1724,56
4,PD,1,DRAGO PASQUALE,14,GIANCASPRO MARTA,1718,50
4,PD,1,DRAGO PASQUALE,12,de VIRGILIO MARCO VITO,1711,43
4,PD,1,DRAGO PASQUALE,3,AURORA GIOVANNI (detto GIANNI),1695,27
4,PD,1,DRAGO PASQUALE,8,COVIELLO MAURANGELO (detto MAURA),1694,26
4,PD,1,DRAGO PASQUALE,2,AMATO SALVATORE,1690,22
4,PD,1,DRAGO PASQUALE,10,de GIGLIO VINCENZO,1689,21
4,PD,1,DRAGO PASQUALE,22,SCOTTI PIETRO,1686,18
4,PD,1,DRAGO PASQUALE,5,BRIO DAMIANO,1683,15
4,PD,1,DRAGO PASQUALE,21,REGINA GIOVANNA,1683,15
4,PD,1,DRAGO PASQUALE,15,"la GHEZZA ANNAMARIA, NICOLETTA",1679,11
4,PD,1,DRAGO PASQUALE,18,MASTROMAURO CATALDO,1676,8
5,CON DRAGO,1,DRAGO PASQUALE,24,VENEZIANO VITO,927,210
5,CON DRAGO,1,DRAGO PASQUALE,22,SPADAVECCHIA GIACOMO,845,128
5,CON DRAGO,1,DRAGO PASQUALE,6,de BARI VITO,786,69
5,CON DRAGO,1,DRAGO PASQUALE,3,CALO' GAETANO,774,57
5,CON DRAGO,1,DRAGO PASQUALE,10,de ROBERTIS MIRIAM ANGELA,774,57
5,CON DRAGO,1,DRAGO PASQUALE,11,de SANTIS VALERIA,761,44
5,CON DRAGO,1,DRAGO PASQUALE,7,de CEGLIA SAVERIO ALESSANDRO (detto SAVERIO),759,42
5,CON DRAGO,1,DRAGO PASQUALE,1,ALTAMURA ELISABETTA (detta LISA),758,41
5,CON DRAGO,1,DRAGO PASQUALE,2,ANGIONE ANNA,746,29
5,CON DRAGO,1,DRAGO PASQUALE,15,MEMEO ANGELA,745,28
5,CON DRAGO,1,DRAGO PASQUALE,12,FARINOLA VITTORIA (detta VIKY),741,24
5,CON DRAGO,1,DRAGO PASQUALE,21,SGARRO SIMONA,741,24
5,CON DRAGO,1,DRAGO PASQUALE,18,PAPARELLA PAOLA (dettaPAOLA),740,23
5,CON DRAGO,1,DRAGO PASQUALE,20,SCIANCALEPORE DELIA,736,19
5,CON DRAGO,1,DRAGO PASQUALE,23,SQUEO GIOVANNI BATTISTA,736,19
5,CON DRAGO,1,DRAGO PASQUALE,4,COLAMARTINO MARTINA,732,15
5,CON DRAGO,1,DRAGO PASQUALE,5,DALIANI POLI PAOLA ELISABETTA,731,14
5,CON DRAGO,1,DRAGO PASQUALE,16,MEZZINA LEONARDO,729,12
5,CON DRAGO,1,DRAGO PASQUALE,17,NAPPI CINZIA,728,11
5,CON DRAGO,1,DRAGO PASQUALE,19,SANCILIO MARCO,723,6
5,CON DRAGO,1,DRAGO PASQUALE,9,de PINTO IVAN FRANCESCO,722,5
5,CON DRAGO,1,DRAGO PASQUALE,8,de GENNARO MAURO,721,4
5,CON DRAGO,1,DRAGO PASQUALE,13,la MASTRA GIROLAMO (detto MIMMO),720,3
5,CON DRAGO,1,DRAGO PASQUALE,14,MASTROFILIPPO ROSSELLA,719,2
6,RINASCERE,1,DRAGO PASQUALE,1,SPACCAVENTO FELICE ANTONIO,2143,580
6,RINASCERE,1,DRAGO PASQUALE,18,MULINELLI BRIGIDA,1948,385
6,RINASCERE,1,DRAGO PASQUALE,16,MINERVINI CORRADO,1836,273
6,RINASCERE,1,DRAGO PASQUALE,5,CASAMASSIMA DOMENICO (detto MIMMO),1797,234
6,RINASCERE,1,DRAGO PASQUALE,13,LA GRASTA MARIANNA,1722,159
6,RINASCERE,1,DRAGO PASQUALE,7,de CANDIA MODESTO,1704,141
6,RINASCERE,1,DRAGO PASQUALE,23,SCARDIGNO LAURA,1645,82
6,RINASCERE,1,DRAGO PASQUALE,6,DALBIS DONATO,1632,69
6,RINASCERE,1,DRAGO PASQUALE,15,"MEZZINA DANIELA, MARIA, ANTONIETTA",1625,62
6,RINASCERE,1,DRAGO PASQUALE,19,ROMA LAURA ASSUNTA,1616,53
6,RINASCERE,1,DRAGO PASQUALE,11,FARINOLA VINCENZO MICHELE GIUSEPPE(detto ENZO),1598,35
6,RINASCERE,1,DRAGO PASQUALE,20,ROSELLI ANNA MARIA PAOLA (detta ANNA MARIA),1595,32
6,RINASCERE,1,DRAGO PASQUALE,8,de FLORIA FRANCESCO MARIA(detto FRANCO),1592,29
6,RINASCERE,1,DRAGO PASQUALE,17,MORGESE BARTOLOMEO,1586,23
6,RINASCERE,1,DRAGO PASQUALE,9,de GIOIA MARIA(detta MARIELLA),1585,22
6,RINASCERE,1,DRAGO PASQUALE,2,ANNESE MAURO CESARE,1583,20
6,RINASCERE,1,DRAGO PASQUALE,12,GIANCASPRO NICOLA,1581,18
6,RINASCERE,1,DRAGO PASQUALE,22,ROSELLI GIOVANNA (detta GIANNA),1573,10
6,RINASCERE,1,DRAGO PASQUALE,10,de CICCO MICHELE,1572,9
6,RINASCERE,1,DRAGO PASQUALE,3,BINETTI FLAVIA,1570,7
6,RINASCERE,1,DRAGO PASQUALE,14,LOMIO GIULIA,1570,7
6,RINASCERE,1,DRAGO PASQUALE,21,ROSELLI CARLO,1564,1
6,RINASCERE,1,DRAGO PASQUALE,4,CAGNETTA FREDDY,1563,0
6,RINASCERE,1,DRAGO PASQUALE,24,TODISCO GIOVANNI,1563,0
7,MOLFETTA NOSTRA,2,MASTROPASQUA PIETRO PAOLO,2,BINETTI MAURO,1547,360
7,MOLFETTA NOSTRA,2,MASTROPASQUA PIETRO PAOLO,1,BALESTRA GIUSEPPE,1462,275
7,MOLFETTA NOSTRA,2,MASTROPASQUA PIETRO PAOLO,19,PAPPAGALLO ADDOLORATA (detta DORA),1374,187
7,MOLFETTA NOSTRA,2,MASTROPASQUA PIETRO PAOLO,21,RAFANELLI GIACOMA BARBARA (detta BARBARA),1335,148
7,MOLFETTA NOSTRA,2,MASTROPASQUA PIETRO PAOLO,7,BELLIFEMINE VITO (detto VITO),1332,145
7,MOLFETTA NOSTRA,2,MASTROPASQUA PIETRO PAOLO,4,ANGIONE ONOFRIO,1237,50
7,MOLFETTA NOSTRA,2,MASTROPASQUA PIETRO PAOLO,24,VILARDI MAURO,1224,37
7,MOLFETTA NOSTRA,2,MASTROPASQUA PIETRO PAOLO,18,PANSINI MARIA,1220,33
7,MOLFETTA NOSTRA,2,MASTROPASQUA PIETRO PAOLO,9,de FAZIO MARIANGELA,1218,31
7,MOLFETTA NOSTRA,2,MASTROPASQUA PIETRO PAOLO,3,AMATO LUCIA,1217,30
7,MOLFETTA NOSTRA,2,MASTROPASQUA PIETRO PAOLO,11,DEVITO VALENTINA,1216,29
7,MOLFETTA NOSTRA,2,MASTROPASQUA PIETRO PAOLO,8,de CEGLIA FELICIA(detta LICIA),1208,21
7,MOLFETTA NOSTRA,2,MASTROPASQUA PIETRO PAOLO,12,FANELLI MARIKA,1207,20
7,MOLFETTA NOSTRA,2,MASTROPASQUA PIETRO PAOLO,13,GADALETA NICOLO’,1204,17
7,MOLFETTA NOSTRA,2,MASTROPASQUA PIETRO PAOLO,14,GARGANO ANNA,1204,17
7,MOLFETTA NOSTRA,2,MASTROPASQUA PIETRO PAOLO,6,ARUANNO SIMONE UMBERTO,1200,13
7,MOLFETTA NOSTRA,2,MASTROPASQUA PIETRO PAOLO,5,ANNOSCIA ROSSELLA,1199,12
7,MOLFETTA NOSTRA,2,MASTROPASQUA PIETRO PAOLO,23,STASI LUCIA,1199,12
7,MOLFETTA NOSTRA,2,MASTROPASQUA PIETRO PAOLO,10,de ROBERTIS COSIMO DAMIANO,1198,11
7,MOLFETTA NOSTRA,2,MASTROPASQUA PIETRO PAOLO,22,SCARPA ROBERTO,1197,10
7,MOLFETTA NOSTRA,2,MASTROPASQUA PIETRO PAOLO,16,MARIN PETRONEL - GABRIEL,1195,8
7,MOLFETTA NOSTRA,2,MASTROPASQUA PIETRO PAOLO,17,MINERVINI GIUSEPPE,1193,6
7,MOLFETTA NOSTRA,2,MASTROPASQUA PIETRO PAOLO,20,PETRUZZELLA SERGIO ILARIO,1191,4
7,MOLFETTA NOSTRA,2,MASTROPASQUA PIETRO PAOLO,15,GUASTADISEGNO ROSARIA (detta SARA),1189,2
8,FORZA ITALIA,2,MASTROPASQUA PIETRO PAOLO,4,de BARI ISABELLA MARIA ROSARIA (detta ISA),1011,274
8,FORZA ITALIA,2,MASTROPASQUA PIETRO PAOLO,15,SPANO MARIA,913,176
8,FORZA ITALIA,2,MASTROPASQUA PIETRO PAOLO,9,GALDINO PASQUALE,843,106
8,FORZA ITALIA,2,MASTROPASQUA PIETRO PAOLO,5,de GIOIA GIUSEPPE,816,79
8,FORZA ITALIA,2,MASTROPASQUA PIETRO PAOLO,2,CENTRONE SAVERIO (detto ERIO),776,39
8,FORZA ITALIA,2,MASTROPASQUA PIETRO PAOLO,1,AMATO GAETANO,764,27
8,FORZA ITALIA,2,MASTROPASQUA PIETRO PAOLO,14,SCIANCALEPORE GIOVANNI,760,23
8,FORZA ITALIA,2,MASTROPASQUA PIETRO PAOLO,13,RAGUSA ALFREDO,753,16
8,FORZA ITALIA,2,MASTROPASQUA PIETRO PAOLO,3,CRISMALE FRANCESCA,752,15
8,FORZA ITALIA,2,MASTROPASQUA PIETRO PAOLO,11,PARISI SUSANNA,749,12
8,FORZA ITALIA,2,MASTROPASQUA PIETRO PAOLO,12,PETRUZZELLA LEONARDO (detto LEO),747,10
8,FORZA ITALIA,2,MASTROPASQUA PIETRO PAOLO,10,LAFRANCESCHINA ANTONELLA,743,6
8,FORZA ITALIA,2,MASTROPASQUA PIETRO PAOLO,7,FARINOLA ROBERTA,741,4
8,FORZA ITALIA,2,MASTROPASQUA PIETRO PAOLO,6,DOBRYDEN MARYNA (detta MARINA),740,3
8,FORZA ITALIA,2,MASTROPASQUA PIETRO PAOLO,8,GADALETA MARILENA EUGENIA,738,1
8,FORZA ITALIA,2,MASTROPASQUA PIETRO PAOLO,16,VALERIO FELICETTA,737,0
9,LA CITTA' IN COMUNE,2,MASTROPASQUA PIETRO PAOLO,2,BINETTI PANTALEO (detto LEO BICÒ),1028,289
9,LA CITTA' IN COMUNE,2,MASTROPASQUA PIETRO PAOLO,19,TRIDENTE LUGI,907,168
9,LA CITTA' IN COMUNE,2,MASTROPASQUA PIETRO PAOLO,20,RANA CORRADO,855,116
9,LA CITTA' IN COMUNE,2,MASTROPASQUA PIETRO PAOLO,23,SANCILIO GIOVANNA,831,92
9,LA CITTA' IN COMUNE,2,MASTROPASQUA PIETRO PAOLO,14,d'ABRUZZO IOLANDA,785,46
9,LA CITTA' IN COMUNE,2,MASTROPASQUA PIETRO PAOLO,15,MESSINA VINCENZO,778,39
9,LA CITTA' IN COMUNE,2,MASTROPASQUA PIETRO PAOLO,12,CIFARELLI ADDOLORATA (detta DORETTA),773,34
9,LA CITTA' IN COMUNE,2,MASTROPASQUA PIETRO PAOLO,9,INTRONA SIMONA,768,29
9,LA CITTA' IN COMUNE,2,MASTROPASQUA PIETRO PAOLO,5,LA MASTRA GAETANO,765,26
9,LA CITTA' IN COMUNE,2,MASTROPASQUA PIETRO PAOLO,22,de ROBERTIS ROSALBA,764,25
9,LA CITTA' IN COMUNE,2,MASTROPASQUA PIETRO PAOLO,13,SPADAVECCHIA MARIA TERESA,761,22
9,LA CITTA' IN COMUNE,2,MASTROPASQUA PIETRO PAOLO,17,ANASTASIA ALESSANDRA,761,22
9,LA CITTA' IN COMUNE,2,MASTROPASQUA PIETRO PAOLO,8,de BARI ANTONIO,760,21
9,LA CITTA' IN COMUNE,2,MASTROPASQUA PIETRO PAOLO,6,PANSINI LUCIA,758,19
9,LA CITTA' IN COMUNE,2,MASTROPASQUA PIETRO PAOLO,10,AZZOLLINI CLAUDIA,755,16
9,LA CITTA' IN COMUNE,2,MASTROPASQUA PIETRO PAOLO,18,BUFI NICOLETTA (detta NICLA),750,11
9,LA CITTA' IN COMUNE,2,MASTROPASQUA PIETRO PAOLO,11,CAFAGNA ANGELA,747,8
9,LA CITTA' IN COMUNE,2,MASTROPASQUA PIETRO PAOLO,21,TAVELLA ANASTASIA,747,8
9,LA CITTA' IN COMUNE,2,MASTROPASQUA PIETRO PAOLO,4,BOCCASSINI MARCO,746,7
9,LA CITTA' IN COMUNE,2,MASTROPASQUA PIETRO PAOLO,7,CECI SIMONE,746,7
9,LA CITTA' IN COMUNE,2,MASTROPASQUA PIETRO PAOLO,24,GADALETA VITANTONIO,745,6
9,LA CITTA' IN COMUNE,2,MASTROPASQUA PIETRO PAOLO,3,COPPOLECCHIA MICHELE,743,4
9,LA CITTA' IN COMUNE,2,MASTROPASQUA PIETRO PAOLO,16,de GENNARO MARILINDA,743,4
9,LA CITTA' IN COMUNE,2,MASTROPASQUA PIETRO PAOLO,1,DE PALO VINCENZO,742,3
10,OBIETTIVO MOLFETTA,2,MASTROPASQUA PIETRO PAOLO,7,GERMINARIO IPPOLITA,1840,361
10,OBIETTIVO MOLFETTA,2,MASTROPASQUA PIETRO PAOLO,5,BUFI NICOLA MICHELE (detto NICO),1738,259
10,OBIETTIVO MOLFETTA,2,MASTROPASQUA PIETRO PAOLO,17,SALVEMINI PASQUALE FABIO,1704,225
10,OBIETTIVO MOLFETTA,2,MASTROPASQUA PIETRO PAOLO,8,la GRASTA MICHELE,1641,162
10,OBIETTIVO MOLFETTA,2,MASTROPASQUA PIETRO PAOLO,21,SQUEO MAURO,1604,125
10,OBIETTIVO MOLFETTA,2,MASTROPASQUA PIETRO PAOLO,12,MONTEBELLO ANGELA,1596,117
10,OBIETTIVO MOLFETTA,2,MASTROPASQUA PIETRO PAOLO,24,ZACCARIA DANILO,1574,95
10,OBIETTIVO MOLFETTA,2,MASTROPASQUA PIETRO PAOLO,19,SOLIMINI ANNAMARIA,1567,88
10,OBIETTIVO MOLFETTA,2,MASTROPASQUA PIETRO PAOLO,13,NAPOLETANO NICOLÒ,1552,73
10,OBIETTIVO MOLFETTA,2,MASTROPASQUA PIETRO PAOLO,22,VALENTE GIUSEPPE,1547,68
10,OBIETTIVO MOLFETTA,2,MASTROPASQUA PIETRO PAOLO,15,PASCULLI MARIA,1543,64
10,OBIETTIVO MOLFETTA,2,MASTROPASQUA PIETRO PAOLO,3,BINETTI ANTONELLA,1537,58
10,OBIETTIVO MOLFETTA,2,MASTROPASQUA PIETRO PAOLO,11,MODUGNO DOMENICO (detto MIMMO),1527,48
10,OBIETTIVO MOLFETTA,2,MASTROPASQUA PIETRO PAOLO,6,CIOCE VINCENZO,1524,45
10,OBIETTIVO MOLFETTA,2,MASTROPASQUA PIETRO PAOLO,20,SPADAVECCHIA GIACOMINA (detta MINA),1520,41
10,OBIETTIVO MOLFETTA,2,MASTROPASQUA PIETRO PAOLO,1,AMATO MARCO,1517,38
10,OBIETTIVO MOLFETTA,2,MASTROPASQUA PIETRO PAOLO,18,SCIANCALEPORE DOMENICO,1511,32
10,OBIETTIVO MOLFETTA,2,MASTROPASQUA PIETRO PAOLO,9,MARZOCCA GRAZIANO,1509,30
10,OBIETTIVO MOLFETTA,2,MASTROPASQUA PIETRO PAOLO,10,MODUGNO GABRIELLA (detta GABRY),1505,26
10,OBIETTIVO MOLFETTA,2,MASTROPASQUA PIETRO PAOLO,16,RICCHITELLI ROBERTO,1502,23
10,OBIETTIVO MOLFETTA,2,MASTROPASQUA PIETRO PAOLO,23,VISAGGIO STEFANO,1495,16
10,OBIETTIVO MOLFETTA,2,MASTROPASQUA PIETRO PAOLO,4,BRATTOLI FILOMENA (detta FLORA),1494,15
10,OBIETTIVO MOLFETTA,2,MASTROPASQUA PIETRO PAOLO,2,BALACCO DAVIDE,1491,12
10,OBIETTIVO MOLFETTA,2,MASTROPASQUA PIETRO PAOLO,14,PALUMBO FILOMENA (detta FLORIANA),1486,7
11,NUOVO PSI - PRI,2,MASTROPASQUA PIETRO PAOLO,12,FAVUZZI ALESSANDRO,753,197
11,NUOVO PSI - PRI,2,MASTROPASQUA PIETRO PAOLO,5,CAPURSI NAPPI PIETRO ANGELO (detto NAPPI),660,104
11,NUOVO PSI - PRI,2,MASTROPASQUA PIETRO PAOLO,8,de GENNARO MARIA DOMENICA (detta MENICA),628,72
11,NUOVO PSI - PRI,2,MASTROPASQUA PIETRO PAOLO,1,AMATO EROS,626,70
11,NUOVO PSI - PRI,2,MASTROPASQUA PIETRO PAOLO,3,ANNESE FABIO,619,63
11,NUOVO PSI - PRI,2,MASTROPASQUA PIETRO PAOLO,19,SPACCAVENTO CRISTOFORO,593,37
11,NUOVO PSI - PRI,2,MASTROPASQUA PIETRO PAOLO,6,CATANZARO MARIANNA,581,25
11,NUOVO PSI - PRI,2,MASTROPASQUA PIETRO PAOLO,16,MITOLI FRANCESCO,576,20
11,NUOVO PSI - PRI,2,MASTROPASQUA PIETRO PAOLO,17,MORRELLI ANGELICA,574,18
11,NUOVO PSI - PRI,2,MASTROPASQUA PIETRO PAOLO,18,PAPARELLA ALESSANDRA,574,18
11,NUOVO PSI - PRI,2,MASTROPASQUA PIETRO PAOLO,10,de NICHILO TERESA,567,11
11,NUOVO PSI - PRI,2,MASTROPASQUA PIETRO PAOLO,15,MARI OMBRETTA,567,11
11,NUOVO PSI - PRI,2,MASTROPASQUA PIETRO PAOLO,11,de NICOLO ANNAMARIA,565,9
11,NUOVO PSI - PRI,2,MASTROPASQUA PIETRO PAOLO,4,BELGIOVINE MARIA FRANCESCA,563,7
11,NUOVO PSI - PRI,2,MASTROPASQUA PIETRO PAOLO,14,LAFORGIA SILVIO,559,3
11,NUOVO PSI - PRI,2,MASTROPASQUA PIETRO PAOLO,20,TATTOLI ELISABETTA,559,3
11,NUOVO PSI - PRI,2,MASTROPASQUA PIETRO PAOLO,7,CHIARELLA SERGIO,558,2
11,NUOVO PSI - PRI,2,MASTROPASQUA PIETRO PAOLO,9,de GENNARO MARILENA (detta MARILENA),557,1
11,NUOVO PSI - PRI,2,MASTROPASQUA PIETRO PAOLO,13,KURTAJ GIOVANNI,557,1
11,NUOVO PSI - PRI,2,MASTROPASQUA PIETRO PAOLO,21,VITARIELLO ROSA,557,1
11,NUOVO PSI - PRI,2,MASTROPASQUA PIETRO PAOLO,22,VITULANO FRANCESCO PAOLO,557,1
11,NUOVO PSI - PRI,2,MASTROPASQUA PIETRO PAOLO,2,ANDRIANI MARTA,556,0
12,FRATELLI D'ITALIA,2,MASTROPASQUA PIETRO PAOLO,1,LOGRIECO ADAMO (detto ADAMO),1193,368
12,FRATELLI D'ITALIA,2,MASTROPASQUA PIETRO PAOLO,2,TATULLI ELIANA (detta ELI),1013,188
12,FRATELLI D'ITALIA,2,MASTROPASQUA PIETRO PAOLO,5,BASILE GIUSEPPE,866,41
12,FRATELLI D'ITALIA,2,MASTROPASQUA PIETRO PAOLO,14,GESMUNDO MARCO LEONARDO(detto MARCO),858,33
12,FRATELLI D'ITALIA,2,MASTROPASQUA PIETRO PAOLO,22,PIEPOLI PATRIZIA MERCEDES (detta MERCEDES),856,31
12,FRATELLI D'ITALIA,2,MASTROPASQUA PIETRO PAOLO,15,GROSSO ADALGISA,846,21
12,FRATELLI D'ITALIA,2,MASTROPASQUA PIETRO PAOLO,16,MEMOLA MICHELE GIOVANNI (detto MICHELE),842,17
12,FRATELLI D'ITALIA,2,MASTROPASQUA PIETRO PAOLO,11,DE MUSSO MARIA ANNA,841,16
12,FRATELLI D'ITALIA,2,MASTROPASQUA PIETRO PAOLO,24,TATTOLI ANTONIO,841,16
12,FRATELLI D'ITALIA,2,MASTROPASQUA PIETRO PAOLO,8,CILARDI PIETRO,840,15
12,FRATELLI D'ITALIA,2,MASTROPASQUA PIETRO PAOLO,17,MINERVINI PIETRO (detto PIERO),839,14
12,FRATELLI D'ITALIA,2,MASTROPASQUA PIETRO PAOLO,7,CANGELLI DOMENICO,838,13
12,FRATELLI D'ITALIA,2,MASTROPASQUA PIETRO PAOLO,20,MUJROLO LUIGI,838,13
12,FRATELLI D'ITALIA,2,MASTROPASQUA PIETRO PAOLO,10,DE CEGLIA GIACOMO,836,11
12,FRATELLI D'ITALIA,2,MASTROPASQUA PIETRO PAOLO,23,SASSO SERGIO ALESSANDRO (detto ALE),836,11
12,FRATELLI D'ITALIA,2,MASTROPASQUA PIETRO PAOLO,4,ARDITO IGNAZIO MARIO,835,10
12,FRATELLI D'ITALIA,2,MASTROPASQUA PIETRO PAOLO,18,MINERVINI SAVERIO (detto SAVERIO),834,9
12,FRATELLI D'ITALIA,2,MASTROPASQUA PIETRO PAOLO,3,ALOI ANASTASIA,833,8
12,FRATELLI D'ITALIA,2,MASTROPASQUA PIETRO PAOLO,9,DE BENEDITTIS GIUSEPPE,830,5
12,FRATELLI D'ITALIA,2,MASTROPASQUA PIETRO PAOLO,6,BRIO ELENA,829,4
12,FRATELLI D'ITALIA,2,MASTROPASQUA PIETRO PAOLO,19,MISINO SALVATORE (detto SALVA),829,4
12,FRATELLI D'ITALIA,2,MASTROPASQUA PIETRO PAOLO,13,GADALETA TERESA MARIA GRAZIA(detta TERESA),828,3
12,FRATELLI D'ITALIA,2,MASTROPASQUA PIETRO PAOLO,12,DE ZIO CLAUDIO,827,2
12,FRATELLI D'ITALIA,2,MASTROPASQUA PIETRO PAOLO,21,PALAZZI BARBARA,827,2
13,PIU' DI COSI' INFANTE SINDACO,3,INFANTE GIOVANNI,11,de RUVO MARIA ANTONELLA(detta ANTONELLA),636,94
13,PIU' DI COSI' INFANTE SINDACO,3,INFANTE GIOVANNI,21,POLI NICOLA FORTUNATO,583,41
13,PIU' DI COSI' INFANTE SINDACO,3,INFANTE GIOVANNI,10,de BARTOLO GIOVANNI (detto GIANNI),582,40
13,PIU' DI COSI' INFANTE SINDACO,3,INFANTE GIOVANNI,15,INNOMINATO CORRADO,577,35
13,PIU' DI COSI' INFANTE SINDACO,3,INFANTE GIOVANNI,1,ADESSO MARIA SERENA(detta SERENA),576,34
13,PIU' DI COSI' INFANTE SINDACO,3,INFANTE GIOVANNI,3,AZZOLLINI SALVATORE,575,33
13,PIU' DI COSI' INFANTE SINDACO,3,INFANTE GIOVANNI,24,VACCA ANTONIO,566,24
13,PIU' DI COSI' INFANTE SINDACO,3,INFANTE GIOVANNI,9,DALIANI POLI ANNA MARIA,565,23
13,PIU' DI COSI' INFANTE SINDACO,3,INFANTE GIOVANNI,12,de TULLIO ANTONIO,560,18
13,PIU' DI COSI' INFANTE SINDACO,3,INFANTE GIOVANNI,20,PICCA FRANCESCO,558,16
13,PIU' DI COSI' INFANTE SINDACO,3,INFANTE GIOVANNI,5,BINETTI MARIA ANTONIETTA,556,14
13,PIU' DI COSI' INFANTE SINDACO,3,INFANTE GIOVANNI,6,BRATTOLI DOROTEA MARTA (detta DORA),553,11
13,PIU' DI COSI' INFANTE SINDACO,3,INFANTE GIOVANNI,19,PATIMO MAURO (detto MAURIZIO),552,10
13,PIU' DI COSI' INFANTE SINDACO,3,INFANTE GIOVANNI,2,ARMENIO PANTALEO(detto LEO),550,8
13,PIU' DI COSI' INFANTE SINDACO,3,INFANTE GIOVANNI,17,MANICINI CORRADO,548,6
13,PIU' DI COSI' INFANTE SINDACO,3,INFANTE GIOVANNI,7,CAPURSI MARINO,546,4
13,PIU' DI COSI' INFANTE SINDACO,3,INFANTE GIOVANNI,4,BELLIFEMINE MIRIANA,545,3
13,PIU' DI COSI' INFANTE SINDACO,3,INFANTE GIOVANNI,22,PORCELLI ELENA ROSA,544,2
13,PIU' DI COSI' INFANTE SINDACO,3,INFANTE GIOVANNI,8,D'INGEO AURELIA,543,1
13,PIU' DI COSI' INFANTE SINDACO,3,INFANTE GIOVANNI,13,FOGGETTI ETTORE (detto RINO),543,1
13,PIU' DI COSI' INFANTE SINDACO,3,INFANTE GIOVANNI,23,TAFUTO LIONIGI (detto DINO),543,1
13,PIU' DI COSI' INFANTE SINDACO,3,INFANTE GIOVANNI,14,GULINO ALFONSO,542,0
13,PIU' DI COSI' INFANTE SINDACO,3,INFANTE GIOVANNI,16,LIANTONIO LUIGI,542,0
13,PIU' DI COSI' INFANTE SINDACO,3,INFANTE GIOVANNI,18,PARODI AGOSTINO ANGELO,542,0
14,RIFONDAZIONE PARTITO COMUNISTA COMPAGNI DI STRADA,3,INFANTE GIOVANNI,4,AMORUSO FRANCESCA,1450,262
14,RIFONDAZIONE PARTITO COMUNISTA COMPAGNI DI STRADA,3,INFANTE GIOVANNI,24,ZANNA GIUSEPPE (detto BEPPE),1350,162
14,RIFONDAZIONE PARTITO COMUNISTA COMPAGNI DI STRADA,3,INFANTE GIOVANNI,12,DRAGO SALVATORE,1288,100
14,RIFONDAZIONE PARTITO COMUNISTA COMPAGNI DI STRADA,3,INFANTE GIOVANNI,15,IANNONE ANGELA MARIA,1288,100
14,RIFONDAZIONE PARTITO COMUNISTA COMPAGNI DI STRADA,3,INFANTE GIOVANNI,2,ALBERTINI GIAN MICHELE (detto GIANNI),1286,98
14,RIFONDAZIONE PARTITO COMUNISTA COMPAGNI DI STRADA,3,INFANTE GIOVANNI,5,CENTRONE LUISA ANNA (detta LUISA),1277,89
14,RIFONDAZIONE PARTITO COMUNISTA COMPAGNI DI STRADA,3,INFANTE GIOVANNI,17,MINERVINI MANUEL SAVIO (detto MANUEL),1277,89
14,RIFONDAZIONE PARTITO COMUNISTA COMPAGNI DI STRADA,3,INFANTE GIOVANNI,13,FASCIANO MARIA,1251,63
14,RIFONDAZIONE PARTITO COMUNISTA COMPAGNI DI STRADA,3,INFANTE GIOVANNI,16,MINERVINI ALESSANDRA(detta SANDRA),1247,59
14,RIFONDAZIONE PARTITO COMUNISTA COMPAGNI DI STRADA,3,INFANTE GIOVANNI,19,PORTA MANUELA,1247,59
14,RIFONDAZIONE PARTITO COMUNISTA COMPAGNI DI STRADA,3,INFANTE GIOVANNI,14,GADALETA GIUSEPPE VINCENZO (detto BERLINGUER),1239,51
14,RIFONDAZIONE PARTITO COMUNISTA COMPAGNI DI STRADA,3,INFANTE GIOVANNI,21,SASSO GIUSEPPE (detto BEPPE),1238,50
14,RIFONDAZIONE PARTITO COMUNISTA COMPAGNI DI STRADA,3,INFANTE GIOVANNI,7,de CEGLIA SERGIO,1237,49
14,RIFONDAZIONE PARTITO COMUNISTA COMPAGNI DI STRADA,3,INFANTE GIOVANNI,9,de VIRGILIO DAMIANO,1236,48
14,RIFONDAZIONE PARTITO COMUNISTA COMPAGNI DI STRADA,3,INFANTE GIOVANNI,1,AGRIMI GENNARO,1231,43
14,RIFONDAZIONE PARTITO COMUNISTA COMPAGNI DI STRADA,3,INFANTE GIOVANNI,3,ALTAMURA EMILIANO(indipendente),1228,40
14,RIFONDAZIONE PARTITO COMUNISTA COMPAGNI DI STRADA,3,INFANTE GIOVANNI,22,SPADAVECCHIA ISABELLA (detta ISA),1227,39
14,RIFONDAZIONE PARTITO COMUNISTA COMPAGNI DI STRADA,3,INFANTE GIOVANNI,20,SASSO CORRADO ANTONIO (detto ANTONIO),1226,38
14,RIFONDAZIONE PARTITO COMUNISTA COMPAGNI DI STRADA,3,INFANTE GIOVANNI,6,de CANDIA PASQUALE,1225,37
14,RIFONDAZIONE PARTITO COMUNISTA COMPAGNI DI STRADA,3,INFANTE GIOVANNI,8,de IUDICIBUS MARIA TERESA VALERIA,1219,31
14,RIFONDAZIONE PARTITO COMUNISTA COMPAGNI DI STRADA,3,INFANTE GIOVANNI,23,VENTURA CARMEN (detta CARMEN),1217,29
14,RIFONDAZIONE PARTITO COMUNISTA COMPAGNI DI STRADA,3,INFANTE GIOVANNI,18,PORCELLI VINCENZO (detto ENZO) (indipendente),1202,14
14,RIFONDAZIONE PARTITO COMUNISTA COMPAGNI DI STRADA,3,INFANTE GIOVANNI,11,DIGIARO COSIMO (detto MINO),1197,9
14,RIFONDAZIONE PARTITO COMUNISTA COMPAGNI DI STRADA,3,INFANTE GIOVANNI,10,Di TERLIZZI PIERDOMENICO,1189,1
15,AVANTI MOLFETTA,4,MINERVINI TOMMASO,21,ROSIELLO GIACOMO (detto BO),1476,398
15,AVANTI MOLFETTA,4,MINERVINI TOMMASO,13,LANZA GIROLAMO VIKTOR,1334,256
15,AVANTI MOLFETTA,4,MINERVINI TOMMASO,9,de ROBERTIS DARIO,1275,197
15,AVANTI MOLFETTA,4,MINERVINI TOMMASO,2,CAMPOREALE TERESA ALESSIA,1151,73
15,AVANTI MOLFETTA,4,MINERVINI TOMMASO,7,de GIOIA ANTONELLA,1150,72
15,AVANTI MOLFETTA,4,MINERVINI TOMMASO,3,CAPUTI CLAUDIA,1133,55
15,AVANTI MOLFETTA,4,MINERVINI TOMMASO,5,CORRIERI ROSSELLA,1121,43
15,AVANTI MOLFETTA,4,MINERVINI TOMMASO,6,de CANDIA MARIA TERESA,1114,36
15,AVANTI MOLFETTA,4,MINERVINI TOMMASO,1,AMATO MARIA PAOLA,1113,35
15,AVANTI MOLFETTA,4,MINERVINI TOMMASO,24,UVA MARIA,1109,31
15,AVANTI MOLFETTA,4,MINERVINI TOMMASO,4,CILARDI ANNALISA,1100,22
15,AVANTI MOLFETTA,4,MINERVINI TOMMASO,8,de PINTO ANTONIA,1098,20
15,AVANTI MOLFETTA,4,MINERVINI TOMMASO,18,POSA ROBERTO,1097,19
15,AVANTI MOLFETTA,4,MINERVINI TOMMASO,15,MANCINI SALVATORE,1096,18
15,AVANTI MOLFETTA,4,MINERVINI TOMMASO,20,RENNA LUIGI,1095,17
15,AVANTI MOLFETTA,4,MINERVINI TOMMASO,23,TRIDENTE WALTER,1095,17
15,AVANTI MOLFETTA,4,MINERVINI TOMMASO,12,GAGLIARDI PIETRO (detto ZIOGRO),1089,11
15,AVANTI MOLFETTA,4,MINERVINI TOMMASO,17,PISANI FRANCESCO PIO,1089,11
15,AVANTI MOLFETTA,4,MINERVINI TOMMASO,16,PAPARELLA PASQUA,1086,8
15,AVANTI MOLFETTA,4,MINERVINI TOMMASO,19,RANA DAVIDE,1085,7
15,AVANTI MOLFETTA,4,MINERVINI TOMMASO,14,LATTANZI NICOLA (detto NICO),1084,6
15,AVANTI MOLFETTA,4,MINERVINI TOMMASO,22,SCIANCALEPORE MAURO,1084,6
15,AVANTI MOLFETTA,4,MINERVINI TOMMASO,10,DELL'AQUILA GIOACCHINO,1078,0
15,AVANTI MOLFETTA,4,MINERVINI TOMMASO,11,GADALETA SAVERIO,1078,0
16,IL CONFRONTO,4,MINERVINI TOMMASO,17,SPADAVECCHIA FULVIO OBERDAN (detto FULVIO),965,240
16,IL CONFRONTO,4,MINERVINI TOMMASO,15,PETRUZZELLA CORRADO,880,155
16,IL CONFRONTO,4,MINERVINI TOMMASO,14,PAPAGNA GIUSEPPINA LOREDANA,874,149
16,IL CONFRONTO,4,MINERVINI TOMMASO,20,VISAGGIO LEONARDO ANTONIO,857,132
16,IL CONFRONTO,4,MINERVINI TOMMASO,3,CAPUTI DOROTEA,779,54
16,IL CONFRONTO,4,MINERVINI TOMMASO,11,MEMEO VINCENZO,771,46
16,IL CONFRONTO,4,MINERVINI TOMMASO,16,SCIANCALEPORE ELENA,759,34
16,IL CONFRONTO,4,MINERVINI TOMMASO,19,TURTUR VINCENZO,750,25
16,IL CONFRONTO,4,MINERVINI TOMMASO,12,MICCOLI LILIANA,747,22
16,IL CONFRONTO,4,MINERVINI TOMMASO,5,CIRIELLO ANNA,746,21
16,IL CONFRONTO,4,MINERVINI TOMMASO,9,de PINTO ANTONUA,746,21
16,IL CONFRONTO,4,MINERVINI TOMMASO,6,CORMIO MARIANNA,745,20
16,IL CONFRONTO,4,MINERVINI TOMMASO,10,GADALETA NICOLA,742,17
16,IL CONFRONTO,4,MINERVINI TOMMASO,21,ZENOBIO ANTONIETTA,741,16
16,IL CONFRONTO,4,MINERVINI TOMMASO,18,SURIANO ANTONIO,737,12
16,IL CONFRONTO,4,MINERVINI TOMMASO,1,AMBROSINO GIADA PASQUA,733,8
16,IL CONFRONTO,4,MINERVINI TOMMASO,4,CAPUTO VINCENZA,731,6
16,IL CONFRONTO,4,MINERVINI TOMMASO,7,de CANDIA GAETANO,731,6
16,IL CONFRONTO,4,MINERVINI TOMMASO,13,MONGELLI SAVERIO,731,6
16,IL CONFRONTO,4,MINERVINI TOMMASO,2,BALENZANO MARIO,726,1
16,IL CONFRONTO,4,MINERVINI TOMMASO,8,de GENNARO COSIMA DAMIANA,725,0
17,MOLFETTA AL CENTRO,4,MINERVINI TOMMASO,9,SPADAVECCHIA VINCENZO (detto ENZO),1794,625
17,MOLFETTA AL CENTRO,4,MINERVINI TOMMASO,2,GERMANO CARMELA,1485,316
17,MOLFETTA AL CENTRO,4,MINERVINI TOMMASO,12,ALTAMURA IPPOLITA ANNALISA,1346,177
17,MOLFETTA AL CENTRO,4,MINERVINI TOMMASO,1,DE NICOLO' GIUSEPPE (detto PEPPINO),1289,120
17,MOLFETTA AL CENTRO,4,MINERVINI TOMMASO,5,MINERVINI VINCENZO,1247,78
17,MOLFETTA AL CENTRO,4,MINERVINI TOMMASO,4,SPEZZACATENA ESTER,1216,47
17,MOLFETTA AL CENTRO,4,MINERVINI TOMMASO,3,PETRUZZELLA MARIANNA,1211,42
17,MOLFETTA AL CENTRO,4,MINERVINI TOMMASO,10,MONACO LUIGI,1207,38
17,MOLFETTA AL CENTRO,4,MINERVINI TOMMASO,7,ALTIZIO MARIA RAFFAELLA,1204,35
17,MOLFETTA AL CENTRO,4,MINERVINI TOMMASO,15,de CANDIA MICHELE,1200,31
17,MOLFETTA AL CENTRO,4,MINERVINI TOMMASO,23,MEZZINA ANNA MARIA,1199,30
17,MOLFETTA AL CENTRO,4,MINERVINI TOMMASO,24,COLASANTE CLAUDIANGELA (detta CLAUDIA),1198,29
17,MOLFETTA AL CENTRO,4,MINERVINI TOMMASO,8,CUOCCI DANIELA,1197,28
17,MOLFETTA AL CENTRO,4,MINERVINI TOMMASO,20,PATRUNO CATERINA (detta KETTY),1193,24
17,MOLFETTA AL CENTRO,4,MINERVINI TOMMASO,6,GADALETA PASQUA,1189,20
17,MOLFETTA AL CENTRO,4,MINERVINI TOMMASO,16,TURTUR GIUSEPPE,1186,17
17,MOLFETTA AL CENTRO,4,MINERVINI TOMMASO,17,PISANI VITO,1186,17
17,MOLFETTA AL CENTRO,4,MINERVINI TOMMASO,11,BINETTI SAVINA,1184,15
17,MOLFETTA AL CENTRO,4,MINERVINI TOMMASO,13,ERRICO PIETRO,1181,12
17,MOLFETTA AL CENTRO,4,MINERVINI TOMMASO,22,BUONAROTA CARMEN,1181,12
17,MOLFETTA AL CENTRO,4,MINERVINI TOMMASO,21,de CANDIA NICOLA,1177,8
17,MOLFETTA AL CENTRO,4,MINERVINI TOMMASO,14,MUROLO GIOVANNI,1174,5
17,MOLFETTA AL CENTRO,4,MINERVINI TOMMASO,18,FARNESE PASQUA,1174,5
17,MOLFETTA AL CENTRO,4,MINERVINI TOMMASO,19,ANNACONDIA ARCHINA,1169,0
18,MINERVINI SINDACO,4,MINERVINI TOMMASO,12,de GIOIA ONOFRIO,2389,477
18,MINERVINI SINDACO,4,MINERVINI TOMMASO,16,GINOSA ELENA,2361,449
18,MINERVINI SINDACO,4,MINERVINI TOMMASO,22,SECCHI ROSALBA ANNA,2203,291
18,MINERVINI SINDACO,4,MINERVINI TOMMASO,9,CLAUDIO ADELE MARIA SERENA,2144,232
18,MINERVINI SINDACO,4,MINERVINI TOMMASO,20,SALVEMINI RAFFAELE,2114,202
18,MINERVINI SINDACO,4,MINERVINI TOMMASO,7,CARBONARA MARIA GIUSEPPA (detta GIUSY),2105,193
18,MINERVINI SINDACO,4,MINERVINI TOMMASO,3,AZZOLLINI CORRADO,2044,132
18,MINERVINI SINDACO,4,MINERVINI TOMMASO,1,ABBASCIANO MARIELLA,2012,100
18,MINERVINI SINDACO,4,MINERVINI TOMMASO,8,CESAREO GIUSEPPE,2000,88
18,MINERVINI SINDACO,4,MINERVINI TOMMASO,15,GIANCASPRO GIUSEPPE GIORGIO,1957,45
18,MINERVINI SINDACO,4,MINERVINI TOMMASO,4,CAMPOREALE COSMO (detto MINO),1945,33
18,MINERVINI SINDACO,4,MINERVINI TOMMASO,24,TRIDENTE LAURA,1944,32
18,MINERVINI SINDACO,4,MINERVINI TOMMASO,6,CAPPELLUTI FELICE,1942,30
18,MINERVINI SINDACO,4,MINERVINI TOMMASO,11,de CANDIA ALFREDO ANTONIO,1938,26
18,MINERVINI SINDACO,4,MINERVINI TOMMASO,17,LACI RISTANA,1929,17
18,MINERVINI SINDACO,4,MINERVINI TOMMASO,14,GADALETA DAMIANA,1927,15
18,MINERVINI SINDACO,4,MINERVINI TOMMASO,19,PORCELLI DOMENICO,1926,14
18,MINERVINI SINDACO,4,MINERVINI TOMMASO,21,SCIANCALEPORE MAURO FABIANO,1926,14
18,MINERVINI SINDACO,4,MINERVINI TOMMASO,5,CAMPOREALE FRANCESCO VITO GAETANO,1922,10
18,MINERVINI SINDACO,4,MINERVINI TOMMASO,10,D'AMATO SANTE,1922,10
18,MINERVINI SINDACO,4,MINERVINI TOMMASO,18,MONGELLI VITO,1918,6
18,MINERVINI SINDACO,4,MINERVINI TOMMASO,13,de NICHILO PASQUALE,1916,4
18,MINERVINI SINDACO,4,MINERVINI TOMMASO,2,ALTAMURA PAOLO,1914,2
18,MINERVINI SINDACO,4,MINERVINI TOMMASO,23,SPAGNOLETTI ANTONIO,1914,2
19,PATTO COMUNE,4,MINERVINI TOMMASO,1,MINUTO ANNA CARMELA,1813,742
19,PATTO COMUNE,4,MINERVINI TOMMASO,15,FIORENTINO ANGELO (detto FIORE),1244,173
19,PATTO COMUNE,4,MINERVINI TOMMASO,18,MANGIARANO MAURIZIO,1230,159
19,PATTO COMUNE,4,MINERVINI TOMMASO,24,TAMMACCO FRANCESCO,1173,102
19,PATTO COMUNE,4,MINERVINI TOMMASO,12,D'OSTILIO DOMENICO,1150,79
19,PATTO COMUNE,4,MINERVINI TOMMASO,19,NOCERA SERENA,1144,73
19,PATTO COMUNE,4,MINERVINI TOMMASO,3,BINETTI MARIO (detto WARIO),1131,60
19,PATTO COMUNE,4,MINERVINI TOMMASO,2,ANNESE FRANCESCO (detto CILLI),1113,42
19,PATTO COMUNE,4,MINERVINI TOMMASO,9,de ROBERTIS GIOVANNI,1105,34
19,PATTO COMUNE,4,MINERVINI TOMMASO,20,PETRUZZELLA NICOLA,1102,31
19,PATTO COMUNE,4,MINERVINI TOMMASO,5,CAPUANO ANGELO,1100,29
19,PATTO COMUNE,4,MINERVINI TOMMASO,10,de TULLIO MICHELE,1093,22
19,PATTO COMUNE,4,MINERVINI TOMMASO,13,FABIANO DAVIDE SPIRO,1092,21
19,PATTO COMUNE,4,MINERVINI TOMMASO,8,de NICHILO MICHELE,1091,20
19,PATTO COMUNE,4,MINERVINI TOMMASO,7,CIPPONE PALMA,1085,14
19,PATTO COMUNE,4,MINERVINI TOMMASO,11,RUGGIERO DIMITRI PIO,1084,13
19,PATTO COMUNE,4,MINERVINI TOMMASO,23,STRAGAPEDE FRANCESCA,1084,13
19,PATTO COMUNE,4,MINERVINI TOMMASO,14,FACCITONDO VALENTINO,1082,11
19,PATTO COMUNE,4,MINERVINI TOMMASO,17,GIULIANI NICOLA,1082,11
19,PATTO COMUNE,4,MINERVINI TOMMASO,6,CATANZARO DONATO (detto FRAIN),1073,2
19,PATTO COMUNE,4,MINERVINI TOMMASO,4,BOEZIO MARIANTONIA,1071,0
19,PATTO COMUNE,4,MINERVINI TOMMASO,16,GERMINARIO VINCENZA,1071,0
19,PATTO COMUNE,4,MINERVINI TOMMASO,21,PIGNATELLI ROSARIA,1071,0
19,PATTO COMUNE,4,MINERVINI TOMMASO,22,SPACCAVENTO MARIA,1071,0
20,MOLFETTA POPOLARE,4,MINERVINI TOMMASO,1,AMATO ROBERT,2673,800
20,MOLFETTA POPOLARE,4,MINERVINI TOMMASO,18,POLI MARIDDA MARIA,2262,389
20,MOLFETTA POPOLARE,4,MINERVINI TOMMASO,13,GIANCOLA PASQUALE (detto LILLINO),2179,306
20,MOLFETTA POPOLARE,4,MINERVINI TOMMASO,7,CARABELLESE DORIANA,2014,141
20,MOLFETTA POPOLARE,4,MINERVINI TOMMASO,4,BEGA AURORA,1986,113
20,MOLFETTA POPOLARE,4,MINERVINI TOMMASO,10,de GLIGLO SERGIO,1975,102
20,MOLFETTA POPOLARE,4,MINERVINI TOMMASO,24,TRIDENTE ROSANNA,1974,101
20,MOLFETTA POPOLARE,4,MINERVINI TOMMASO,20,ROSELLI ANTONIO (detto FROG),1945,72
20,MOLFETTA POPOLARE,4,MINERVINI TOMMASO,16,MEZZINA MICHELA,1944,71
20,MOLFETTA POPOLARE,4,MINERVINI TOMMASO,11,d'ELIA ELISABETTA (detta LUISA),1941,68
20,MOLFETTA POPOLARE,4,MINERVINI TOMMASO,22,SPADAVECCHIA GIUSEPPE (detto BEPPE),1939,66
20,MOLFETTA POPOLARE,4,MINERVINI TOMMASO,17,PIERGIOVANNI SAVERIO,1928,55
20,MOLFETTA POPOLARE,4,MINERVINI TOMMASO,2,ABBATTISTA PORZIA,1913,40
20,MOLFETTA POPOLARE,4,MINERVINI TOMMASO,23,SPAGNOLETTI ANNA ANTONIA,1909,36
20,MOLFETTA POPOLARE,4,MINERVINI TOMMASO,12,DELL'OLIO PIETRO,1898,25
20,MOLFETTA POPOLARE,4,MINERVINI TOMMASO,21,SPACCAVENTO GIUSEPPE,1894,21
20,MOLFETTA POPOLARE,4,MINERVINI TOMMASO,8,CECI MICHELE,1893,20
20,MOLFETTA POPOLARE,4,MINERVINI TOMMASO,6,CANTATORE MAURO,1892,19
20,MOLFETTA POPOLARE,4,MINERVINI TOMMASO,14,IANNELLI GIUSEPPE (PINO detto NERONE),1891,18
20,MOLFETTA POPOLARE,4,MINERVINI TOMMASO,19,RACANATI NICOLO',1888,15
20,MOLFETTA POPOLARE,4,MINERVINI TOMMASO,15,MANZONI DAMIANO,1882,9
20,MOLFETTA POPOLARE,4,MINERVINI TOMMASO,3,ALTOMARE FRANCESCO,1879,6
20,MOLFETTA POPOLARE,4,MINERVINI TOMMASO,9,de BARI VITTORIO EMANUELE,1878,5
20,MOLFETTA POPOLARE,4,MINERVINI TOMMASO,5,BINETTI DAMIANO,1875,2
21,CUORE DEMOCRATICO,4,MINERVINI TOMMASO,19,PIERGIOVANNI NICOLA,3069,901
21,CUORE DEMOCRATICO,4,MINERVINI TOMMASO,2,AMATO ANGELA MARIA ROSARIA (detta ANGELA),2535,367
21,CUORE DEMOCRATICO,4,MINERVINI TOMMASO,9,FACCHINI GIOVANNI (detto GIANNI),2465,297
21,CUORE DEMOCRATICO,4,MINERVINI TOMMASO,14,MINERVINI LEONARDO,2384,216
21,CUORE DEMOCRATICO,4,MINERVINI TOMMASO,8,CAPUTI GIROLAMO (detto GIROLAMO),2292,124
21,CUORE DEMOCRATICO,4,MINERVINI TOMMASO,12,MESSINA ANTONIA (detta ANTO),2269,101
21,CUORE DEMOCRATICO,4,MINERVINI TOMMASO,13,MESSINA ANDREA,2266,98
21,CUORE DEMOCRATICO,4,MINERVINI TOMMASO,4,AZZOLLINI FRANCESCO,2238,70
21,CUORE DEMOCRATICO,4,MINERVINI TOMMASO,18,PAPPAGALLO LAZZARO (detto RINO),2226,58
21,CUORE DEMOCRATICO,4,MINERVINI TOMMASO,10,FURIO NICOLA,2215,47
21,CUORE DEMOCRATICO,4,MINERVINI TOMMASO,20,POLI MICHELE,2207,39
21,CUORE DEMOCRATICO,4,MINERVINI TOMMASO,22,SAITTI SANTA MARIA (detta SABRINA),2205,37
21,CUORE DEMOCRATICO,4,MINERVINI TOMMASO,23,SATOR GIOVANNI (detto GIANNI),2205,37
21,CUORE DEMOCRATICO,4,MINERVINI TOMMASO,15,MIRTO DAMIANA,2204,36
21,CUORE DEMOCRATICO,4,MINERVINI TOMMASO,16,PALOSCIA ROBERTO NATALE (detto ROBERTO),2197,29
21,CUORE DEMOCRATICO,4,MINERVINI TOMMASO,11,MERAFINA IMMACOLATA (detta IMMA),2190,22
21,CUORE DEMOCRATICO,4,MINERVINI TOMMASO,17,PALUMBO OFELIA DINA (detta OFELIA),2188,20
21,CUORE DEMOCRATICO,4,MINERVINI TOMMASO,6,BUFI MAURO,2187,19
21,CUORE DEMOCRATICO,4,MINERVINI TOMMASO,7,CALFAPIETRO MARIA LUISA DANIELA (detta DANIELA),2186,18
21,CUORE DEMOCRATICO,4,MINERVINI TOMMASO,21,ROMANO ANNADORA (detta DORIANA),2181,13
21,CUORE DEMOCRATICO,4,MINERVINI TOMMASO,1,ALTOMARE ANGELO,2180,12
21,CUORE DEMOCRATICO,4,MINERVINI TOMMASO,5,BALICE GAETANO SALVATORE (detto NINO),2180,12
21,CUORE DEMOCRATICO,4,MINERVINI TOMMASO,3,AYROLDI NICOLO' (detto NICO),2179,11
21,CUORE DEMOCRATICO,4,MINERVINI TOMMASO,24,TATTOLI FRANCESCO,2178,10
22,ALA DEMOCRATICA,4,MINERVINI TOMMASO,19,PAPARELLA VITO CORADO (detto VITO),2353,667
22,ALA DEMOCRATICA,4,MINERVINI TOMMASO,10,CROCIFERO ANTONIA (detta ANTONELLA),2104,418
22,ALA DEMOCRATICA,4,MINERVINI TOMMASO,15,la GRASTA GIULIO,1996,310
22,ALA DEMOCRATICA,4,MINERVINI TOMMASO,3,BALDUCCI OTTAVIO,1901,215
22,ALA DEMOCRATICA,4,MINERVINI TOMMASO,20,ROSELLI CATERINA,1798,112
22,ALA DEMOCRATICA,4,MINERVINI TOMMASO,16,LATINO ANGELA PAOLA (detta PAOLA),1765,79
22,ALA DEMOCRATICA,4,MINERVINI TOMMASO,18,MASTROPASQUA SEBASTIANO,1759,73
22,ALA DEMOCRATICA,4,MINERVINI TOMMASO,21,SPADAVECCHIA IDA ESTER (detta IDA),1752,66
22,ALA DEMOCRATICA,4,MINERVINI TOMMASO,22,SPADAVECCHIA MARIELLA,1752,66
22,ALA DEMOCRATICA,4,MINERVINI TOMMASO,13,FARINOLA GIUSEPPE,1744,58
22,ALA DEMOCRATICA,4,MINERVINI TOMMASO,9,CICCOLELLA RAFFAELLA ANNA ANTONIA (detta RAFFAELLA),1738,52
22,ALA DEMOCRATICA,4,MINERVINI TOMMASO,24,VITALE PIETRO,1731,45
22,ALA DEMOCRATICA,4,MINERVINI TOMMASO,1,"ALESSANDRINI ALEXANDRA, NAOMI",1728,42
22,ALA DEMOCRATICA,4,MINERVINI TOMMASO,11,del VESCOVO MARIA CRISTINA ( detta CRISTINA),1723,37
22,ALA DEMOCRATICA,4,MINERVINI TOMMASO,23,STOIA LUCREZIA (detta EZIA),1720,34
22,ALA DEMOCRATICA,4,MINERVINI TOMMASO,7,CAPPELLUTI MARIA,1717,31
22,ALA DEMOCRATICA,4,MINERVINI TOMMASO,17,MANCINI ALESSANDRA,1713,27
22,ALA DEMOCRATICA,4,MINERVINI TOMMASO,4,BARILE ARCANGELA (detta ANGELA),1712,26
22,ALA DEMOCRATICA,4,MINERVINI TOMMASO,14,GRIECO ANNA LORENA (detta LORENA),1703,17
22,ALA DEMOCRATICA,4,MINERVINI TOMMASO,12,DIAMANTE FRANCESCO,1701,15
22,ALA DEMOCRATICA,4,MINERVINI TOMMASO,2,AMATO ELIANA,1700,14
22,ALA DEMOCRATICA,4,MINERVINI TOMMASO,8,CATALANO DANIELE,1695,9
22,ALA DEMOCRATICA,4,MINERVINI TOMMASO,6,BRATTOLI ISABELLA (detta ISA),1693,7
22,ALA DEMOCRATICA,4,MINERVINI TOMMASO,5,BELLIFEMINE ANTONELLA,1690,4
23,INSIEME PER LA CITTA',4,MINERVINI TOMMASO,14,PETRUZZELLI ANNALISA (detta ANNALISA),2497,514
23,INSIEME PER LA CITTA',4,MINERVINI TOMMASO,17,SALVEMINI GIACOMO,2337,354
23,INSIEME PER LA CITTA',4,MINERVINI TOMMASO,3,CAPURSO ANNA,2192,209
23,INSIEME PER LA CITTA',4,MINERVINI TOMMASO,15,PICCA COSIMO DAMIANO,2145,162
23,INSIEME PER LA CITTA',4,MINERVINI TOMMASO,20,SGHERZA GIANNA,2140,157
23,INSIEME PER LA CITTA',4,MINERVINI TOMMASO,7,de CANDIA FELICIA (detta LICIA),2120,137
23,INSIEME PER LA CITTA',4,MINERVINI TOMMASO,8,de CEGLIA VITO,2096,113
23,INSIEME PER LA CITTA',4,MINERVINI TOMMASO,22,SQUEO ROBERTO,2095,112
23,INSIEME PER LA CITTA',4,MINERVINI TOMMASO,1,ANDRIANI ANTONIO,2078,95
23,INSIEME PER LA CITTA',4,MINERVINI TOMMASO,23,TAMMACCO SAVERIO,2059,76
23,INSIEME PER LA CITTA',4,MINERVINI TOMMASO,21,SIGRISI FILIPPO,2048,65
23,INSIEME PER LA CITTA',4,MINERVINI TOMMASO,16,PORCELLI OTTAVIA (detta KATIA),2042,59
23,INSIEME PER LA CITTA',4,MINERVINI TOMMASO,10,FIORE VALENTINA,2041,58
23,INSIEME PER LA CITTA',4,MINERVINI TOMMASO,11,la FORGIA NICOLA,2041,58
23,INSIEME PER LA CITTA',4,MINERVINI TOMMASO,18,SANCILIO FRANCESCO,2038,55
23,INSIEME PER LA CITTA',4,MINERVINI TOMMASO,24,TOTORIZZO GIUSEPPE,2034,51
23,INSIEME PER LA CITTA',4,MINERVINI TOMMASO,13,PETRUZZELLA GIULIO,2032,49
23,INSIEME PER LA CITTA',4,MINERVINI TOMMASO,9,de GIOIA MARIA DOMENICA (detta DOMINGA),2025,42
23,INSIEME PER LA CITTA',4,MINERVINI TOMMASO,12,LUCIANI NIKYTA,2013,30
23,INSIEME PER LA CITTA',4,MINERVINI TOMMASO,6,DE BARTOLO ANGELA,2002,19
23,INSIEME PER LA CITTA',4,MINERVINI TOMMASO,2,BARILE NATALE GERARDO (detto LILLINO),1996,13
23,INSIEME PER LA CITTA',4,MINERVINI TOMMASO,5,d'AMATO LICIA,1994,11
23,INSIEME PER LA CITTA',4,MINERVINI TOMMASO,19,SCIANCALEPORE TERESA,1993,10
23,INSIEME PER LA CITTA',4,MINERVINI TOMMASO,4,CIANI PAOLA ISABELLA,1985,2
24,MOLFETTA CHE VOGLIAMO,4,MINERVINI TOMMASO,9,de CANDIA SERGIO,1694,644
24,MOLFETTA CHE VOGLIAMO,4,MINERVINI TOMMASO,12,de PALMA FRANCESCA,1523,473
24,MOLFETTA CHE VOGLIAMO,4,MINERVINI TOMMASO,16,MAGARELLI MARIA VINCENZA (detta ENZA),1363,313
24,MOLFETTA CHE VOGLIAMO,4,MINERVINI TOMMASO,3,BUFI GIOVANNI (detto GIANNI),1289,239
24,MOLFETTA CHE VOGLIAMO,4,MINERVINI TOMMASO,2,ALTAMURA GIACOMO,1073,23
24,MOLFETTA CHE VOGLIAMO,4,MINERVINI TOMMASO,8,DE ANGELIS ANTONIO,1066,16
24,MOLFETTA CHE VOGLIAMO,4,MINERVINI TOMMASO,13,DI LIDDO ANGELA,1066,16
24,MOLFETTA CHE VOGLIAMO,4,MINERVINI TOMMASO,22,SAMARELLI ILARIO,1063,13
24,MOLFETTA CHE VOGLIAMO,4,MINERVINI TOMMASO,10,de GENNARO ALESSIA MARIA,1062,12
24,MOLFETTA CHE VOGLIAMO,4,MINERVINI TOMMASO,7,d'AGOSTINO SERGIO,1061,11
24,MOLFETTA CHE VOGLIAMO,4,MINERVINI TOMMASO,11,de GENNARO DOMENICO (detto NICO),1060,10
24,MOLFETTA CHE VOGLIAMO,4,MINERVINI TOMMASO,14,GADALETA LUCREZIA,1058,8
24,MOLFETTA CHE VOGLIAMO,4,MINERVINI TOMMASO,23,ZINGARELLI MARCO GIUSEPPE,1057,7
24,MOLFETTA CHE VOGLIAMO,4,MINERVINI TOMMASO,21,SALVEMINI GIOVANNA,1056,6
24,MOLFETTA CHE VOGLIAMO,4,MINERVINI TOMMASO,17,MASTROPIERRO GIUSEPPE,1055,5
24,MOLFETTA CHE VOGLIAMO,4,MINERVINI TOMMASO,4,CANESSA DANIELA MARIA AGOSTINA,1054,4
24,MOLFETTA CHE VOGLIAMO,4,MINERVINI TOMMASO,5,CAPURSI GIOVANNI,1054,4
24,MOLFETTA CHE VOGLIAMO,4,MINERVINI TOMMASO,15,la GRASTA VINCENZA,1053,3
24,MOLFETTA CHE VOGLIAMO,4,MINERVINI TOMMASO,18,MINERVINI MARIA 2,1053,3
24,MOLFETTA CHE VOGLIAMO,4,MINERVINI TOMMASO,20,RIZZI MICHELE,1052,2
24,MOLFETTA CHE VOGLIAMO,4,MINERVINI TOMMASO,6,CIPRIANI GAETANA,1051,1
24,MOLFETTA CHE VOGLIAMO,4,MINERVINI TOMMASO,1,ALBANESE GIUSEPPA ANTONIA,1050,0
24,MOLFETTA CHE VOGLIAMO,4,MINERVINI TOMMASO,19,PALMIOTTO NUNZIA,1050,0
25,MOLFETTA IN AZIONE,4,MINERVINI TOMMASO,2,ANCONA ANTONIO,1435,403
25,MOLFETTA IN AZIONE,4,MINERVINI TOMMASO,17,LEZOCHE LOREDANA (detta LORI),1277,245
25,MOLFETTA IN AZIONE,4,MINERVINI TOMMASO,3,ANNESE MARIA PIA,1176,144
25,MOLFETTA IN AZIONE,4,MINERVINI TOMMASO,10,de MARCO VALERIA,1152,120
25,MOLFETTA IN AZIONE,4,MINERVINI TOMMASO,12,DRAGO ANTONIO,1117,85
25,MOLFETTA IN AZIONE,4,MINERVINI TOMMASO,18,MAGGIALETTI ROBERTO,1107,75
25,MOLFETTA IN AZIONE,4,MINERVINI TOMMASO,20,PETRUZZELLA DOMENICO (detto MIMMO),1100,68
25,MOLFETTA IN AZIONE,4,MINERVINI TOMMASO,1,ALESSANDRINI ANGELA MARIA DEL S. (detta ANGELA),1088,56
25,MOLFETTA IN AZIONE,4,MINERVINI TOMMASO,6,CARUSO ANDREA,1067,35
25,MOLFETTA IN AZIONE,4,MINERVINI TOMMASO,5,CARBONE STEFANO,1061,29
25,MOLFETTA IN AZIONE,4,MINERVINI TOMMASO,9,de BARI ROSALBA,1060,28
25,MOLFETTA IN AZIONE,4,MINERVINI TOMMASO,13,FIORENTINO MARA GAETANA,1059,27
25,MOLFETTA IN AZIONE,4,MINERVINI TOMMASO,14,GERMINARIO GIUSEPPE,1058,26
25,MOLFETTA IN AZIONE,4,MINERVINI TOMMASO,22,SGHERZA CARLA,1054,22
25,MOLFETTA IN AZIONE,4,MINERVINI TOMMASO,8,CIRILLO GIOVANNI,1053,21
25,MOLFETTA IN AZIONE,4,MINERVINI TOMMASO,11,DI CARNE DAVIDE,1049,17
25,MOLFETTA IN AZIONE,4,MINERVINI TOMMASO,7,CIANNAMEA ELISABETTA,1047,15
25,MOLFETTA IN AZIONE,4,MINERVINI TOMMASO,21,RIZZI SERGIO,1043,11
25,MOLFETTA IN AZIONE,4,MINERVINI TOMMASO,16,LAMESTA STEFANIA,1040,8
25,MOLFETTA IN AZIONE,4,MINERVINI TOMMASO,24,SPADAVECCHIA MARIANTONIETTA,1039,7
25,MOLFETTA IN AZIONE,4,MINERVINI TOMMASO,23,SQUEO CHIARA,1036,4
25,MOLFETTA IN AZIONE,4,MINERVINI TOMMASO,15,la MASTRA GIUSEPPE,1033,1
25,MOLFETTA IN AZIONE,4,MINERVINI TOMMASO,4,BUX ANTONELLO,1032,0
25,MOLFETTA IN AZIONE,4,MINERVINI TOMMASO,19,PENNUZZI GIULIA,1032,0
